id,user_input,retrieved_contexts,response,reference,faithfulness,n_pernyataan_faithfulness,panjang_jawaban_char
E02,Apa yang harus dilakukan terhadap dosis insulin basal bila pasien mengalami hipoglikemia?,"['48 Pedoman Petunjuk Praktis Terapi Insulin pada Pasien Diabetes Melitus - 2021 peningkatan insiden hipoglikemia, termasuk episode hipoglikemia nokturnal. FDA pada april 2012 menyetujui penggunaan detemir pada kehamilan dan diklasifikasikan menjadi kategori obat B. Namun, jika diabetes sudah terkontrol baik dengan NPH, ibu hamil tidak perlu mengganti NPH dengan detemir karena tidak terdapat bukti yang mendukung pengunaan detemir pada wanita dengan diabetes gestasional dan DMT2 serta hanya sedikit manfaat definitif terhadap fetus dengan penggunaan detemir selama kehamilan. Degludec merupakan insulin analog kerja panjang yang dapat menjadi alternatif sebagai insulin basal analog selama kehamilan, terutama pasien yang sering mengalami hipoglikemia berat maupun rekurensi. Terdapat laporan kasus pasien wanita hamil dengan DMT2 yang menggunakan degludec sejak prekonsepsi memiliki keluaran', '44 Pedoman Petunjuk Praktis Terapi Insulin pada Pasien Diabetes Melitus - 2021 Pada umumnya infus insulin intravena 5 ї 7 unit/jam mampu menurunkan kadar glukosa darah sebesar 50 ї 75 mg/dL/jam serta dapat menghambat lipolisis, menghentikan ketogenesis, dan menekan proses glukoneogenesis di hati. Kecepatan infus insulin harus selalu disesuaikan. Bila terdapat faktor lain yang menyebabkan penurunan kadar glukosa darah kurang dari 60 mg/dL/jam, misalnya rehidrasi yang kurang adekuat dan asidosis yang memburuk, maka kecepatan infus insulin perlu ditingkatkan. Bila kadar glukosa darah sudah turun < 250 mg/dL, dosis insulin infus harus dikurangi menjadi 50% dari dosis sebelumnya. Infus insulin terus dilanjutkan sampai ketosis teratasi dan pasien sudah bisa makan/minum. B.1. Metode Pemberian Insulin pada Krisis Hiperglikemia B.1.1. Insulin Infus IV Kontinyu Dosis Rendah Insulin infus', 'Terdapat laporan kasus pasien wanita hamil dengan DMT2 yang menggunakan degludec sejak prekonsepsi memiliki keluaran klinis dalam kehamilan yang sukses. Namun saat ini belum terdapat penelitian uji coba klinis penggunaan degludec selama kehamilan karena masalah etik mengenai potensi bahaya terhadap fetus, walaupun pada hewan coba tidak terdapat perbedaan antara degludec dan Human Insulin terkait embriotoksisitas dan teratogenesitas.78 B. HIPOGLIKEMIA Efek samping insulin yang paling penting diperhatikan adalah hipoglikemia. Sasaran glukosa darah yang terlalu ketat terutama untuk pasien yang dirawat di ruang terapi intensif sering menimbulkan efek samping hipoglikemia. Hal ini dapat memperburuk luaran klinik pasien kritis. Karenanya, kini ada kecenderungan memperendah sasaran glukosa darah yang ingin dicapai untuk pasien kritis. Edukasi pasien rawat jalan yang menggunakan terapi insulin', 'glukosa darah yang ingin dicapai untuk pasien kritis. Edukasi pasien rawat jalan yang menggunakan terapi insulin untuk mengendalikan glukosa darahnya perlu diberikan dengan baik dengan harapan mengurangi kejadian hipoglikemia. Edukasi ini meliputi konsep tentang glukosa darah puasa dan prandial, fungsi insulin basal dan insulin prandial, serta pemantauan glukosa darah mandiri. Tabel VIII.1 Klasifikasi Hipoglikemia Level Glukosa Darah Nilai peringatan hipoglikemia (Level 1) ≤ 70 mg/dL Hipoglikemia signifikan secara klinis (Level 2) < 54 mg/dL Hipoglikemia berat (Level 3) Tanpa nilai ambang glukosa spesifik.', 'Bila GD < 200 ² 250 mg/dL, ganti\nDextrose 5% dengan NaCL 0,45% 100\n² 200 mL/jam.\n\nBila kadar Na > 145 mEq, infus NaCl\n0,9% diganti dengan NaCl 0,45%.\n\nPada pasien dengan gagal jantung dan\ngagal ginjal direkomendasikan\npemasangan CVC ( Central Venous\n\nPada jam ke -2, Insulin b olus mulai\ndosis 0,05 ² 0,1 unit/kgBB\n(disesuaikan dengan kondisi pasien)\ndilanjutkan dengan insulin IV kontinyu\n0,1 unit/kgBB/jam dalam NaCL 0,9%.\n\nPenyesuaian dosis insulin IV kontinyu\n(dilakukan pemeriksaan GD per jam)\nJika GD meningkat Æ re-bolus\ninsulin 0,1 unit/kgBB dan\nmeningkatkan kecepatan insulin IV\nkontinyu.\nGD menurun 0 -49 mg/dL/jam Æ\nnaikkan drip insulin 25 ² 50% dari\ndosis awal.\nGD menurun 50 -75 mg/dL/jam Æ\ndosis insulin drip tetap\nGD menurun >75 mg/dL/jam Æ\nTurunkan kecepatan insulin drip\n50% dari dosis awal.']","Berdasarkan data pasien, saat ini pasien berada dalam kondisi **risiko tinggi hipoglikemia** (kadar glukosa darah 58 mg/dL, yang masuk dalam kategori nilai peringatan hipoglikemia/Level 1 hingga hipoglikemia signifikan secara klinis) [S4]. 

**Langkah Aksi Penanganan:**
1. Atasi segera episode hipoglikemia akut sesuai protokol standar (pemberian karbohidrat kerja cepat).
2. Evaluasi dan sesuaikan (turunkan) dosis insulin basal untuk mencegah berulangnya hipoglikemia, terutama jika target glukosa darah terlalu ketat [S3].
3. Lakukan pemantauan glukosa darah mandiri secara berkala dan berikan edukasi ulang terkait pengaturan dosis [S4].","Tentukan dan atasi dahulu penyebab hipoglikemianya, lalu turunkan dosis insulin basal sebanyak 4 unit atau sebesar 10% sampai 20%.",0.1,,642
E03,Berapa ambang kadar glukosa darah untuk hipoglikemia Level 1 dan Level 2?,"['glukosa darah yang ingin dicapai untuk pasien kritis. Edukasi pasien rawat jalan yang menggunakan terapi insulin untuk mengendalikan glukosa darahnya perlu diberikan dengan baik dengan harapan mengurangi kejadian hipoglikemia. Edukasi ini meliputi konsep tentang glukosa darah puasa dan prandial, fungsi insulin basal dan insulin prandial, serta pemantauan glukosa darah mandiri. Tabel VIII.1 Klasifikasi Hipoglikemia Level Glukosa Darah Nilai peringatan hipoglikemia (Level 1) ≤ 70 mg/dL Hipoglikemia signifikan secara klinis (Level 2) < 54 mg/dL Hipoglikemia berat (Level 3) Tanpa nilai ambang glukosa spesifik.', '45 Pedoman Petunjuk Praktis Terapi Insulin pada Pasien Diabetes Melitus - 2021 B.1.3. Insulin subkutan Metode pemberian insulin subkutan juga dapat dilakukan pada kasus krisis hiperglikemia. Namun untuk mencapai kadar insulin puncak dibutuhkan waktu yang lebih lama. Metode ini menyebabkan penurunan kadar glukosa darah awal yang lebih lambat dan timbulnya efek hipoglikemia lambat (late hypoglycemia) yang lebih sering dibandingkan dengan terapi insulin intramuskular. Tata laksana pasien KAD atau SHH dapat dilihat pada Tabel VII. 2. Sebelum mengawali tata laksana lakukan evaluasi awal lengkap, periksa glukosa kapiler dan keton serum/urin untuk mengonfirmasi hiperglikemia dan ketonemia/ketonuria, periksa darah untuk mengetahui profil metabolik. Mulai berikan cairan intravena NaCl 0,9% 1 liter/jam (15 ї 20 mL/kgBB/jam). Tabel VII.2. Skema Penatalaksanaan Ketoasidosis Diabetik dan Sindroma', '44 Pedoman Petunjuk Praktis Terapi Insulin pada Pasien Diabetes Melitus - 2021 Pada umumnya infus insulin intravena 5 ї 7 unit/jam mampu menurunkan kadar glukosa darah sebesar 50 ї 75 mg/dL/jam serta dapat menghambat lipolisis, menghentikan ketogenesis, dan menekan proses glukoneogenesis di hati. Kecepatan infus insulin harus selalu disesuaikan. Bila terdapat faktor lain yang menyebabkan penurunan kadar glukosa darah kurang dari 60 mg/dL/jam, misalnya rehidrasi yang kurang adekuat dan asidosis yang memburuk, maka kecepatan infus insulin perlu ditingkatkan. Bila kadar glukosa darah sudah turun < 250 mg/dL, dosis insulin infus harus dikurangi menjadi 50% dari dosis sebelumnya. Infus insulin terus dilanjutkan sampai ketosis teratasi dan pasien sudah bisa makan/minum. B.1. Metode Pemberian Insulin pada Krisis Hiperglikemia B.1.1. Insulin Infus IV Kontinyu Dosis Rendah Insulin infus', 'Terdapat laporan kasus pasien wanita hamil dengan DMT2 yang menggunakan degludec sejak prekonsepsi memiliki keluaran klinis dalam kehamilan yang sukses. Namun saat ini belum terdapat penelitian uji coba klinis penggunaan degludec selama kehamilan karena masalah etik mengenai potensi bahaya terhadap fetus, walaupun pada hewan coba tidak terdapat perbedaan antara degludec dan Human Insulin terkait embriotoksisitas dan teratogenesitas.78 B. HIPOGLIKEMIA Efek samping insulin yang paling penting diperhatikan adalah hipoglikemia. Sasaran glukosa darah yang terlalu ketat terutama untuk pasien yang dirawat di ruang terapi intensif sering menimbulkan efek samping hipoglikemia. Hal ini dapat memperburuk luaran klinik pasien kritis. Karenanya, kini ada kecenderungan memperendah sasaran glukosa darah yang ingin dicapai untuk pasien kritis. Edukasi pasien rawat jalan yang menggunakan terapi insulin', 'pusat pelayanan medis yang tidak memungkinkan untuk melakukan pemberian drip insulin, antara lain sulit untuk melakukan pemantauan dan tidak tersedianya peralatan yang memadai. Metode ini diawali dengan pemberian insulin dosis awal (loading dose) sebesar 20 unit dan kemudian dilanjutkan dengan pemberian insulin intramuskular dosis rendah (5 unit) secara berkala hingga glukosa darah terkendali. Penurunan kadar glukosa darah yang dicapai dengan pemberian insulin secara intramuskular lebih lambat dibandingkan dengan cara pemberian drip insulin.']","Berdasarkan panduan medis, klasifikasi kadar glukosa darah untuk hipoglikemia adalah sebagai berikut:
* **Hipoglikemia Level 1 (Nilai peringatan hipoglikemia):** $\le 70$ mg/dL [S1].
* **Hipoglikemia Level 2 (Hipoglikemia signifikan secara klinis):** $< 54$ mg/dL [S1].

*Catatan Keselamatan:* Kondisi pasien saat ini berada dalam risiko hipoglikemia (glukosa darah 58,0 mg/dL). Disarankan evaluasi dokter segera dan berikan penanganan cepat untuk mengatasi hipoglikemia [S5].",Level 1 adalah nilai peringatan hipoglikemia dengan kadar glukosa darah kurang dari atau sama dengan 70 mg/dL. Level 2 adalah hipoglikemia yang signifikan secara klinis dengan kadar glukosa darah kurang dari 54 mg/dL.,0.5,,476
E09,Mengapa pemberian insulin subkutan pada krisis hiperglikemia lebih berisiko dibandingkan intramuskular?,"['45 Pedoman Petunjuk Praktis Terapi Insulin pada Pasien Diabetes Melitus - 2021 B.1.3. Insulin subkutan Metode pemberian insulin subkutan juga dapat dilakukan pada kasus krisis hiperglikemia. Namun untuk mencapai kadar insulin puncak dibutuhkan waktu yang lebih lama. Metode ini menyebabkan penurunan kadar glukosa darah awal yang lebih lambat dan timbulnya efek hipoglikemia lambat (late hypoglycemia) yang lebih sering dibandingkan dengan terapi insulin intramuskular. Tata laksana pasien KAD atau SHH dapat dilihat pada Tabel VII. 2. Sebelum mengawali tata laksana lakukan evaluasi awal lengkap, periksa glukosa kapiler dan keton serum/urin untuk mengonfirmasi hiperglikemia dan ketonemia/ketonuria, periksa darah untuk mengetahui profil metabolik. Mulai berikan cairan intravena NaCl 0,9% 1 liter/jam (15 ї 20 mL/kgBB/jam). Tabel VII.2. Skema Penatalaksanaan Ketoasidosis Diabetik dan Sindroma', 'B.1. Metode Pemberian Insulin pada Krisis Hiperglikemia B.1.1. Insulin Infus IV Kontinyu Dosis Rendah Insulin infus intravena dosis rendah berkelanjutan (continuous intravenous infusion of low dose insulin) merupakan standar baku pemberian insulin di sebagian besar pusat pelayanan medis. Pemberian drip insulin bertujuan untuk menekan glukoneogenesis dan lipolisis. Metode pemberian infus insulin intravena dosis rendah berkelanjutan dikaitkan dengan komplikasi metabolik (hipoglikemia, hipokalemia, hipofosfatemia, hipomagnesemia, hiperlaktatemia, dan disekuilibrium osmotik) yang lebih jarang dibandingkan dengan metode pemberian insulin dosis besar secara berkala atau intermiten. B.1.2. Insulin Intramuskular Metode pemberian insulin intramuskcular terutama dilakukan di pusat pelayanan medis yang tidak memungkinkan untuk melakukan pemberian drip insulin, antara lain sulit untuk melakukan', 'pusat pelayanan medis yang tidak memungkinkan untuk melakukan pemberian drip insulin, antara lain sulit untuk melakukan pemantauan dan tidak tersedianya peralatan yang memadai. Metode ini diawali dengan pemberian insulin dosis awal (loading dose) sebesar 20 unit dan kemudian dilanjutkan dengan pemberian insulin intramuskular dosis rendah (5 unit) secara berkala hingga glukosa darah terkendali. Penurunan kadar glukosa darah yang dicapai dengan pemberian insulin secara intramuskular lebih lambat dibandingkan dengan cara pemberian drip insulin.', '44 Pedoman Petunjuk Praktis Terapi Insulin pada Pasien Diabetes Melitus - 2021 Pada umumnya infus insulin intravena 5 ї 7 unit/jam mampu menurunkan kadar glukosa darah sebesar 50 ї 75 mg/dL/jam serta dapat menghambat lipolisis, menghentikan ketogenesis, dan menekan proses glukoneogenesis di hati. Kecepatan infus insulin harus selalu disesuaikan. Bila terdapat faktor lain yang menyebabkan penurunan kadar glukosa darah kurang dari 60 mg/dL/jam, misalnya rehidrasi yang kurang adekuat dan asidosis yang memburuk, maka kecepatan infus insulin perlu ditingkatkan. Bila kadar glukosa darah sudah turun < 250 mg/dL, dosis insulin infus harus dikurangi menjadi 50% dari dosis sebelumnya. Infus insulin terus dilanjutkan sampai ketosis teratasi dan pasien sudah bisa makan/minum. B.1. Metode Pemberian Insulin pada Krisis Hiperglikemia B.1.1. Insulin Infus IV Kontinyu Dosis Rendah Insulin infus', 'NaCl 0,9% 1 liter/jam (15 ї 20 mL/kgBB/jam). Tabel VII.2. Skema Penatalaksanaan Ketoasidosis Diabetik dan Sindroma Hiperosmolar Hiperglikemia Jam Ke - Infus NaCl 0,9% Infus II (Insulin) Infus III (Koreksi K+) Infus IV (Koreksi Bikarbonat (HCO 3))']","Berdasarkan panduan, pemberian insulin subkutan pada kasus krisis hiperglikemia membutuhkan waktu lebih lama untuk mencapai kadar insulin puncak, sehingga menyebabkan penurunan kadar glukosa darah awal yang lebih lambat dan memicu timbulnya efek hipoglikemia lambat (*late hypoglycemia*) yang lebih sering dibandingkan dengan metode intramuskular [S1].","Insulin subkutan membutuhkan waktu lebih lama untuk mencapai kadar puncak, menyebabkan penurunan glukosa darah awal yang lebih lambat, dan menimbulkan efek hipoglikemia lambat atau late hypoglycemia yang lebih sering dibandingkan terapi insulin intramuskular.",1.0,,352
